-6.387417763471603394e-02,-2.631754577159881592e-01,6.376139521598815918e-01,6.711240112781524658e-02,-3.584904670715332031e-01,-1.645835936069488525e-01
3.267069458961486816e-01,-5.418310165405273438e-01,-1.277790516614913940e-01,-4.363071024417877197e-01,-1.688439697027206421e-01,-6.694806367158889771e-02
6.855766773223876953e-01,-3.857931792736053467e-01,8.203885704278945923e-02,-1.197911053895950317e-01,6.341787520796060562e-03,-5.264046136289834976e-03
3.846611082553863525e-02,7.083036899566650391e-01,-1.027801260352134705e-01,2.374809235334396362e-01,-1.741117835044860840e-01,1.988729387521743774e-01
3.116218745708465576e-01,-5.813921093940734863e-01,1.458804458379745483e-01,-1.704778075218200684e-01,-1.715915650129318237e-01,3.536771833896636963e-01
4.644786417484283447e-01,-1.652549505233764648e-01,-4.555113911628723145e-01,-1.948805004358291626e-01,2.790581285953521729e-01,2.713079154491424561e-01
-5.211415886878967285e-02,-1.835614591836929321e-01,1.239031646400690079e-02,3.565092980861663818e-01,-6.898037195205688477e-01,2.253517881035804749e-02
-4.614632129669189453e-01,-1.415758579969406128e-01,-3.027595877647399902e-01,-7.191958278417587280e-02,-1.703726314008235931e-02,-5.566704869270324707e-01
2.190856039524078369e-01,2.434677630662918091e-01,8.734725415706634521e-03,2.287181913852691650e-01,5.968013405799865723e-01,3.523702621459960938e-01
3.144209980964660645e-01,-4.461226463317871094e-01,2.274246513843536377e-01,3.412959277629852295e-01,-4.067625105381011963e-01,-9.194230288267135620e-02
1.761592477560043335e-01,-1.838288158178329468e-01,-5.085467100143432617e-01,5.243875384330749512e-01,-1.069946810603141785e-01,1.735655367374420166e-01
9.080162644386291504e-02,1.811781376600265503e-01,-5.540341138839721680e-01,-2.842818200588226318e-01,3.891703486442565918e-01,-2.443482726812362671e-01
6.320325136184692383e-01,9.722796082496643066e-02,-1.001480501145124435e-02,-1.804798655211925507e-02,-2.889680266380310059e-01,3.836053311824798584e-01
2.233813554048538208e-01,1.012163534760475159e-01,-5.074519515037536621e-01,-3.207243680953979492e-01,4.667958319187164307e-01,3.982624039053916931e-02
-5.753468275070190430e-01,-3.195947706699371338e-01,-1.709794551134109497e-01,2.343910187482833862e-01,-3.439429998397827148e-01,-6.607105582952499390e-02
3.150381147861480713e-01,-5.450881123542785645e-01,-3.473973572254180908e-01,-1.555616706609725952e-01,1.749515980482101440e-01,-2.610316574573516846e-01
-9.915446490049362183e-02,4.401938617229461670e-01,3.639206290245056152e-01,3.597013652324676514e-01,-3.905105590820312500e-01,1.485800147056579590e-01
-4.153760373592376709e-01,2.881846725940704346e-01,8.064242452383041382e-02,-5.666047930717468262e-01,-1.583863347768783569e-01,-1.782749891281127930e-01
-4.027170240879058838e-01,-4.379471763968467712e-02,-3.098799288272857666e-01,2.929514646530151367e-01,-5.974901467561721802e-02,5.389666557312011719e-01
2.349192351102828979e-01,-5.554353594779968262e-01,-4.214225709438323975e-01,1.605772040784358978e-02,5.423936247825622559e-02,3.090434968471527100e-01
4.792771041393280029e-01,-3.595163226127624512e-01,1.105074286460876465e-01,1.150704547762870789e-01,-3.984642922878265381e-01,-3.111504018306732178e-01
1.051204800605773926e-01,1.180588603019714355e-01,6.517452597618103027e-01,-3.504854068160057068e-02,-2.907142043113708496e-01,3.232596516609191895e-01
-7.042424678802490234e-01,1.269636303186416626e-01,2.776322364807128906e-01,6.791751831769943237e-02,1.928917169570922852e-01,-9.498988091945648193e-02
-5.127812549471855164e-02,5.973301529884338379e-01,1.063276529312133789e-01,4.680346548557281494e-01,1.150968223810195923e-01,-1.922446042299270630e-01
-1.170879974961280823e-01,-5.550929903984069824e-01,-1.351273804903030396e-01,1.103620082139968872e-01,4.693946540355682373e-01,2.595992386341094971e-01
5.265438184142112732e-02,6.072155237197875977e-01,1.030254270881414413e-02,-3.845442533493041992e-01,-2.436003684997558594e-01,-2.473769187927246094e-01
-2.323298901319503784e-01,-5.293993949890136719e-01,4.442445933818817139e-01,2.867472469806671143e-01,3.012635745108127594e-02,1.589790284633636475e-01
1.192978248000144958e-01,5.684075951576232910e-01,4.971858486533164978e-02,-3.198446333408355713e-01,4.368968904018402100e-01,8.384161442518234253e-02
2.462152093648910522e-01,4.688787460327148438e-01,2.626282274723052979e-01,3.902031481266021729e-01,-3.476394712924957275e-01,-1.320815682411193848e-01
-2.828643657267093658e-02,-3.285964429378509521e-01,-4.849821627140045166e-01,8.316654711961746216e-02,-3.910639882087707520e-01,3.690105080604553223e-01
2.191495448350906372e-01,7.137113064527511597e-02,-2.732663452625274658e-01,3.506565988063812256e-01,2.916549444198608398e-01,-5.515274405479431152e-01
-2.713142335414886475e-01,7.345658540725708008e-01,-1.083626672625541687e-01,-5.838372278958559036e-03,9.791582077741622925e-02,7.374033331871032715e-02
-5.195872187614440918e-01,-7.709381729364395142e-02,-1.616880744695663452e-01,-4.034507870674133301e-01,2.107985317707061768e-01,-3.615717887878417969e-01
-2.754611968994140625e-01,-2.269188016653060913e-01,-4.352459684014320374e-03,-6.973385065793991089e-02,4.264404773712158203e-01,5.708728432655334473e-01
6.513002514839172363e-01,1.024273633956909180e-01,-2.775039374828338623e-01,-8.400180935859680176e-02,-3.422437608242034912e-01,-6.419552117586135864e-02
-1.406895369291305542e-01,-3.302632272243499756e-01,-4.105925559997558594e-02,1.211758404970169067e-01,-7.031041979789733887e-01,2.018867060542106628e-02
5.872919559478759766e-01,2.018820345401763916e-01,-4.267129004001617432e-01,-2.394498586654663086e-01,-1.218362972140312195e-01,8.219459094107151031e-03
9.513645619153976440e-02,-3.503696620464324951e-01,6.796475648880004883e-01,-1.247531399130821228e-01,-1.464226543903350830e-01,-9.626236557960510254e-02
2.217960804700851440e-01,-3.371917456388473511e-02,-5.883080363273620605e-01,-4.416852891445159912e-01,4.329398274421691895e-02,2.158771753311157227e-01
1.679803431034088135e-02,5.717501044273376465e-01,-1.338536143302917480e-01,-4.547794461250305176e-01,2.942572534084320068e-01,-3.861708566546440125e-02
-7.602300494909286499e-03,-1.897579282522201538e-01,4.133113026618957520e-01,-5.013958364725112915e-02,-6.324285268783569336e-01,1.750091761350631714e-01
4.741142317652702332e-02,4.006304740905761719e-01,3.136564046144485474e-02,-4.381655752658843994e-01,5.283159613609313965e-01,7.181064784526824951e-02
2.413562089204788208e-01,-3.225578367710113525e-01,2.845919132232666016e-01,5.065422058105468750e-01,3.117078244686126709e-01,2.072783708572387695e-01
-1.436879336833953857e-01,-1.577060669660568237e-01,2.243189662694931030e-01,-7.264676094055175781e-01,1.110406890511512756e-01,6.386216729879379272e-02
-3.577898442745208740e-01,-5.386896058917045593e-02,5.822119116783142090e-01,-1.047998294234275818e-01,-2.931290566921234131e-01,-2.705665826797485352e-01
3.361214697360992432e-01,2.587569952011108398e-01,-3.095030784606933594e-01,2.226945385336875916e-02,-4.116341769695281982e-01,4.408360421657562256e-01
-1.668747812509536743e-01,-1.743849366903305054e-01,1.695194542407989502e-01,5.412873029708862305e-01,1.769105046987533569e-01,-4.782432615756988525e-01
4.140990376472473145e-01,1.201266571879386902e-01,-4.688335359096527100e-01,2.033900469541549683e-01,3.799501806497573853e-02,-4.375792443752288818e-01
1.058584451675415039e-01,6.463538408279418945e-01,2.606047689914703369e-01,7.487174868583679199e-02,-2.765827775001525879e-01,2.469860762357711792e-01
4.929587543010711670e-01,-3.009839951992034912e-01,-5.330568645149469376e-03,4.628818929195404053e-01,2.683438062667846680e-01,-1.417879462242126465e-01
-1.843573600053787231e-01,-4.186560213565826416e-01,-2.411428540945053101e-01,1.404731441289186478e-02,3.532486557960510254e-01,-4.976018965244293213e-01
-3.726826012134552002e-01,-3.310535550117492676e-01,-1.524082273244857788e-01,-2.307657301425933838e-01,-5.279452204704284668e-01,1.905363351106643677e-01
-6.771231293678283691e-01,3.052224218845367432e-02,-2.310591042041778564e-01,5.208142474293708801e-02,-3.527319133281707764e-01,-7.215043064206838608e-03
-3.011418879032135010e-01,-5.839736461639404297e-01,6.238715723156929016e-02,3.049432039260864258e-01,2.424940615892410278e-01,2.293521016836166382e-01
5.371620059013366699e-01,2.073586545884609222e-02,1.153880148194730282e-03,-3.582374453544616699e-01,-4.692582786083221436e-01,-4.988296329975128174e-02
1.638162583112716675e-01,-8.969395607709884644e-02,-1.519872397184371948e-01,-3.125550150871276855e-01,6.955939531326293945e-01,2.185236103832721710e-02
5.452851653099060059e-01,-9.889812208712100983e-03,2.267922013998031616e-01,-1.311196535825729370e-01,-1.679457873106002808e-01,4.957150518894195557e-01
2.834974229335784912e-01,-2.540693851187825203e-03,1.685729622840881348e-01,6.640651077032089233e-02,5.175753831863403320e-01,-5.088337659835815430e-01
1.579432934522628784e-01,9.586074203252792358e-02,-2.548376321792602539e-01,5.980819463729858398e-01,2.953511476516723633e-01,-3.098195493221282959e-01
7.287378907203674316e-01,-2.105717658996582031e-01,-6.297260406427085400e-04,-2.541164122521877289e-02,-1.442498415708541870e-01,-2.077172249555587769e-01
-1.332283914089202881e-01,-6.557187438011169434e-01,-9.289310313761234283e-03,1.519487798213958740e-01,-3.997206985950469971e-01,9.660153836011886597e-02
-8.593275560997426510e-04,9.335792809724807739e-02,4.088306427001953125e-01,-2.605676352977752686e-01,-5.285800099372863770e-01,-3.418315351009368896e-01
-1.544114798307418823e-01,4.381273388862609863e-01,-4.575456678867340088e-01,4.126519858837127686e-01,1.889254301786422729e-01,-9.422845393419265747e-02
1.950894594192504883e-01,1.808981001377105713e-01,1.263565421104431152e-01,3.792953491210937500e-01,4.601124823093414307e-01,4.446139931678771973e-01
-2.788699567317962646e-01,1.841027289628982544e-01,1.752521693706512451e-01,2.982348501682281494e-01,7.687457650899887085e-02,-6.346421837806701660e-01
-2.802216708660125732e-01,-8.565586060285568237e-02,3.387907743453979492e-01,5.660059452056884766e-01,7.732475548982620239e-02,-3.361813724040985107e-01
-1.129624247550964355e-01,6.613358855247497559e-01,1.347203999757766724e-01,3.118045032024383545e-01,2.679578959941864014e-01,-5.197450146079063416e-02
-4.351232945919036865e-01,1.631820946931838989e-01,-1.407605260610580444e-01,-3.733430504798889160e-01,-2.586813271045684814e-01,-4.448872506618499756e-01
-1.208336576819419861e-01,5.860197544097900391e-01,-3.669334053993225098e-01,-1.334889531135559082e-01,-3.542346060276031494e-01,6.354873627424240112e-02
-5.780177190899848938e-02,-2.134091109037399292e-01,-3.070674836635589600e-01,-4.832230210304260254e-01,-1.360957920551300049e-01,4.947712123394012451e-01
-5.680304765701293945e-01,-1.084318533539772034e-01,-1.568788141012191772e-01,-2.799063920974731445e-01,-3.422234058380126953e-01,2.924185693264007568e-01
-5.531484633684158325e-02,3.493487536907196045e-01,2.050858289003372192e-01,5.462797880172729492e-01,1.460957992821931839e-02,4.173734188079833984e-01
-4.957668781280517578e-01,-5.487009286880493164e-01,-3.844561055302619934e-02,-1.194374784827232361e-01,2.086655646562576294e-01,-1.840049475431442261e-01
2.015824317932128906e-01,1.860146969556808472e-01,-6.182435750961303711e-01,-6.938835233449935913e-02,-8.233384042978286743e-02,4.134542644023895264e-01
-2.872554659843444824e-01,-1.956635713577270508e-01,-5.231026411056518555e-01,4.846794307231903076e-01,9.720779955387115479e-02,-3.464405983686447144e-02
-2.740160003304481506e-02,1.704757213592529297e-01,-3.874191045761108398e-01,4.362833201885223389e-01,-5.149961709976196289e-01,-6.730107963085174561e-02
7.791206240653991699e-02,-6.034759283065795898e-01,-2.225017547607421875e-01,1.484836339950561523e-01,2.163707762956619263e-01,-3.890703320503234863e-01
4.959239065647125244e-01,-5.616282820701599121e-01,-2.034466713666915894e-01,1.425396092236042023e-02,1.261568963527679443e-01,-1.453406363725662231e-01
3.337007164955139160e-01,1.858109682798385620e-01,-5.374367833137512207e-01,-2.038257122039794922e-01,3.273583948612213135e-01,-2.378476113080978394e-01
-1.078577414155006409e-01,4.239724278450012207e-01,-1.074017211794853210e-01,-3.936793655157089233e-03,2.608762085437774658e-01,-6.074595451354980469e-01
6.773105263710021973e-01,8.029746264219284058e-02,-3.786427676677703857e-01,1.338348388671875000e-01,6.568222492933273315e-02,-9.595061093568801880e-02
-5.641422867774963379e-01,5.708200857043266296e-02,3.680618703365325928e-01,-1.965371221303939819e-01,-3.716889917850494385e-01,7.896851003170013428e-02
-1.894674748182296753e-01,-1.297188252210617065e-01,1.714103370904922485e-01,4.730352386832237244e-02,-7.439218759536743164e-01,-4.728916659951210022e-02
1.992525309324264526e-01,-4.864523932337760925e-02,5.775861144065856934e-01,2.534297704696655273e-01,3.037377893924713135e-01,3.283947706222534180e-01
-2.753785550594329834e-01,-7.771039009094238281e-02,-6.783940792083740234e-01,2.955769896507263184e-01,6.133742257952690125e-02,-8.234798908233642578e-02
7.126980274915695190e-02,6.924459338188171387e-02,-6.652876138687133789e-01,3.657847344875335693e-01,2.049786895513534546e-01,1.081827804446220398e-01
-7.059944421052932739e-02,-8.610662072896957397e-02,6.409505009651184082e-01,1.483645886182785034e-01,2.568324506282806396e-01,3.588995039463043213e-01
1.779701560735702515e-01,4.393866956233978271e-01,5.902330279350280762e-01,-1.230004057288169861e-01,1.365594118833541870e-01,1.819708645343780518e-01
-2.303724735975265503e-01,-9.064581245183944702e-02,-3.241740167140960693e-01,4.839603602886199951e-01,3.463646471500396729e-01,-3.455965220928192139e-01
4.314576685428619385e-01,1.968978159129619598e-02,4.945181906223297119e-01,9.207373484969139099e-03,-1.368465125560760498e-01,4.360006749629974365e-01
-5.104832053184509277e-01,-2.498618513345718384e-02,5.590535998344421387e-01,-1.210858449339866638e-01,-1.422830391675233841e-02,-2.266657352447509766e-01
2.605502307415008545e-01,-5.054928660392761230e-01,6.641338020563125610e-02,1.790379732847213745e-01,-5.241166353225708008e-01,7.366774976253509521e-02
4.756800234317779541e-01,3.408403098583221436e-01,2.812446355819702148e-01,-1.449704468250274658e-01,4.395626485347747803e-01,6.500823795795440674e-02
4.565508291125297546e-02,-2.601670920848846436e-01,-3.089958131313323975e-01,3.895967900753021240e-01,4.654795229434967041e-01,-3.260267972946166992e-01
1.009122729301452637e-01,-1.296389997005462646e-01,4.525483399629592896e-02,-7.617240548133850098e-01,9.127533435821533203e-02,-1.496920436620712280e-01
1.284091323614120483e-01,6.892406344413757324e-01,3.516271710395812988e-01,4.091716185212135315e-02,3.631453588604927063e-02,1.477288454771041870e-01
-8.973412215709686279e-02,1.366445869207382202e-01,-3.988802134990692139e-01,-6.440687179565429688e-01,-1.008299961686134338e-01,1.708196550607681274e-01
2.541782557964324951e-01,-2.449221163988113403e-01,-3.417086601257324219e-01,4.705022275447845459e-01,2.536318302154541016e-01,-3.360659182071685791e-01
-3.018980622291564941e-01,7.820629514753818512e-03,1.553620398044586182e-01,4.207793772220611572e-01,2.335582524538040161e-01,-5.413449406623840332e-01
-5.530619621276855469e-02,5.286940336227416992e-01,-2.609829604625701904e-01,-3.024057745933532715e-01,-2.694593667984008789e-01,3.539125621318817139e-01
2.083899229764938354e-01,1.731101237237453461e-02,-6.778668761253356934e-01,7.036311179399490356e-02,4.215603321790695190e-02,-3.606137931346893311e-01
7.141063362360000610e-02,6.714685559272766113e-01,5.591845512390136719e-02,-1.110711842775344849e-01,-3.854628205299377441e-01,-1.413692086935043335e-01
-1.070977821946144104e-01,-6.762308478355407715e-01,-1.409956067800521851e-01,-3.417485654354095459e-01,-1.761214435100555420e-01,5.959252268075942993e-02
4.665988385677337646e-01,3.264740109443664551e-02,5.842818617820739746e-01,2.747177481651306152e-01,-6.181527301669120789e-02,-2.330965548753738403e-02
2.886337935924530029e-01,2.225125133991241455e-01,-5.338270068168640137e-01,5.326772853732109070e-02,-4.129653871059417725e-01,2.209741622209548950e-01
3.755924478173255920e-02,3.579259216785430908e-01,2.314848899841308594e-01,4.190879873931407928e-03,-6.755127310752868652e-01,2.362369559705257416e-02
1.001163125038146973e-01,1.557462364435195923e-01,-6.426177173852920532e-02,7.561061382293701172e-01,1.111031547188758850e-01,-1.324760764837265015e-01
7.824821025133132935e-02,5.562356114387512207e-01,2.814622819423675537e-01,2.084489613771438599e-01,3.059366643428802490e-01,3.289529085159301758e-01
-1.964125335216522217e-01,3.810119032859802246e-01,5.398648977279663086e-01,-9.107952564954757690e-02,1.448271423578262329e-01,-3.681406676769256592e-01
-1.080536842346191406e-01,-2.807289361953735352e-01,2.731743454933166504e-01,-1.572563648223876953e-01,1.929742544889450073e-01,-6.425907015800476074e-01
-1.489892452955245972e-01,-1.800601929426193237e-01,-4.151042401790618896e-01,2.971960008144378662e-01,-1.463126540184020996e-01,5.507597327232360840e-01
-6.207177042961120605e-01,1.940784305334091187e-01,-1.681414544582366943e-01,-1.594305634498596191e-01,-4.000179767608642578e-01,-5.778438597917556763e-02
-8.021255582571029663e-02,-5.461768433451652527e-02,3.526721000671386719e-01,-3.674752414226531982e-01,-1.749717742204666138e-01,5.835683345794677734e-01
8.294399827718734741e-02,-1.261468380689620972e-01,-3.981766700744628906e-01,1.232937630265951157e-02,-2.088989317417144775e-01,-6.441054940223693848e-01
-9.853097051382064819e-02,3.288680911064147949e-01,-1.593525111675262451e-01,2.005805820226669312e-01,6.081429123878479004e-01,-2.944042086601257324e-01
-6.294231116771697998e-02,-5.670773983001708984e-01,8.756436291150748730e-04,-4.827776923775672913e-02,-5.526785254478454590e-01,-8.171007782220840454e-02
1.582910269498825073e-01,1.278022974729537964e-01,-4.739727675914764404e-01,2.542085945606231689e-01,5.149895548820495605e-01,2.100572139024734497e-01
-3.750542178750038147e-02,-1.530313044786453247e-01,-3.492478728294372559e-01,2.343907654285430908e-01,4.774586856365203857e-01,4.585792720317840576e-01
5.157173275947570801e-01,2.173126935958862305e-01,-3.076354563236236572e-01,1.226337105035781860e-01,1.988442242145538330e-01,-4.214181005954742432e-01
5.676909908652305603e-02,-4.196062684059143066e-01,2.194650918245315552e-01,6.326945424079895020e-01,9.517744183540344238e-03,1.102265641093254089e-01
-1.398753374814987183e-01,-3.775836154818534851e-02,5.314130187034606934e-01,-2.473446428775787354e-01,4.206761345267295837e-02,-5.231254100799560547e-01
1.377548724412918091e-01,-1.011893898248672485e-01,7.120894789695739746e-01,2.061163187026977539e-01,-1.706701815128326416e-01,-1.791664510965347290e-01
-5.819078087806701660e-01,4.088312089443206787e-01,2.404251098632812500e-01,4.064905270934104919e-02,-7.224712520837783813e-02,2.637502849102020264e-01
9.991728514432907104e-02,-4.770859777927398682e-01,-5.950841903686523438e-01,-5.641357973217964172e-02,1.351802498102188110e-01,1.637808531522750854e-01
6.732151508331298828e-01,6.428577750921249390e-02,6.978357583284378052e-02,9.213575720787048340e-02,3.920196592807769775e-01,1.249421760439872742e-01
4.630449712276458740e-01,1.792636215686798096e-01,8.648421615362167358e-02,-3.021563887596130371e-01,-3.770042955875396729e-01,3.905683457851409912e-01
-5.477664619684219360e-02,4.500247538089752197e-01,-2.833145558834075928e-01,2.587442994117736816e-01,-3.247765600681304932e-01,-4.263586103916168213e-01
1.870763748884201050e-01,1.422266196459531784e-02,2.742264047265052795e-02,-5.761356949806213379e-01,4.018068313598632812e-01,-3.326667249202728271e-01
-7.972396165132522583e-02,-3.732304275035858154e-01,1.845853328704833984e-01,-4.740413725376129150e-01,4.819374084472656250e-01,5.738009884953498840e-02
4.694529473781585693e-01,-1.244229823350906372e-02,-5.034716129302978516e-01,2.284788340330123901e-01,5.259422212839126587e-02,-3.331766426563262939e-01
-4.268620535731315613e-02,-3.310301601886749268e-01,4.629801809787750244e-01,1.939732730388641357e-01,-4.352977275848388672e-01,-2.951890528202056885e-01
-1.723734140396118164e-01,2.515954077243804932e-01,3.625518083572387695e-01,-2.290637344121932983e-01,5.140023231506347656e-01,3.144435882568359375e-01
-3.554593920707702637e-01,-8.073591627180576324e-03,-3.537814617156982422e-01,-1.990273445844650269e-01,1.244289651513099670e-01,-5.773453116416931152e-01
-3.662668764591217041e-01,3.501605391502380371e-01,1.871900446712970734e-02,1.199571043252944946e-01,4.437321722507476807e-01,-4.142437577247619629e-01
1.109181270003318787e-01,6.950831413269042969e-02,-1.147770434617996216e-01,4.464851021766662598e-01,-5.097954273223876953e-01,-3.878810107707977295e-01
-2.627505660057067871e-01,-3.621340394020080566e-01,1.161545068025588989e-01,2.351903468370437622e-01,-4.770576059818267822e-01,3.787225484848022461e-01
-6.241619586944580078e-01,4.464043304324150085e-02,-1.994729340076446533e-01,3.887580335140228271e-01,1.553217619657516479e-01,-1.827073395252227783e-01
1.981610953807830811e-01,4.692246019840240479e-01,5.392310023307800293e-01,-3.050451539456844330e-02,8.202707767486572266e-02,-2.865858078002929688e-01
4.399685561656951904e-01,-4.936617314815521240e-01,2.251235991716384888e-01,-3.012948110699653625e-02,-1.959513574838638306e-01,3.357684314250946045e-01
-3.240837454795837402e-01,-2.865109145641326904e-01,3.560280501842498779e-01,-4.208284914493560791e-01,3.333426415920257568e-01,1.947080641984939575e-01
1.861471384763717651e-01,2.348148375749588013e-01,-5.911370515823364258e-01,2.883106172084808350e-01,5.095173045992851257e-02,-3.391889631748199463e-01
2.428101375699043274e-02,-4.680076241493225098e-01,2.091448754072189331e-01,6.136339306831359863e-01,7.266461383551359177e-03,-6.190107669681310654e-03
3.047545850276947021e-01,-1.743228286504745483e-01,-5.058851465582847595e-02,-6.258479952812194824e-01,-5.369826778769493103e-02,-3.458436429500579834e-01
-4.422819316387176514e-01,-4.822284877300262451e-01,-1.605603992938995361e-01,1.790585666894912720e-01,3.389355540275573730e-01,1.977965235710144043e-01
5.729238986968994141e-01,1.842979043722152710e-01,-9.604387730360031128e-02,3.066249489784240723e-01,-4.147725999355316162e-01,5.012941360473632812e-02
-2.189889922738075256e-02,-6.259216666221618652e-01,3.170986101031303406e-02,-2.362422049045562744e-01,-3.378502279520034790e-02,-4.356434941291809082e-01
-5.651132389903068542e-02,-2.059802561998367310e-01,-4.493592381477355957e-01,-1.844920963048934937e-01,-5.719124674797058105e-01,-1.770132035017013550e-01
-1.174659356474876404e-01,3.270684182643890381e-02,1.642524600028991699e-01,7.229599356651306152e-01,1.512163728475570679e-01,2.293813079595565796e-01
3.718050718307495117e-01,1.058705002069473267e-01,-3.252179026603698730e-01,3.532097041606903076e-01,-4.081076085567474365e-01,-3.057399094104766846e-01
6.237073540687561035e-01,-8.949020504951477051e-02,-1.756252944469451904e-01,-2.348455488681793213e-01,-3.962073624134063721e-01,1.910488004796206951e-03
-3.966381549835205078e-01,-7.253089547157287598e-02,-2.083715498447418213e-01,-5.633808970451354980e-01,-2.966339290142059326e-01,1.691421121358871460e-01
2.224714607000350952e-01,-2.859339416027069092e-01,-4.610722959041595459e-01,2.784350812435150146e-01,-1.520855724811553955e-01,4.421589374542236328e-01
-4.053366780281066895e-01,4.343151152133941650e-01,-2.724152207374572754e-01,4.240452349185943604e-01,-1.430093497037887573e-01,-1.122339144349098206e-01
-2.508206367492675781e-01,9.769377112388610840e-02,-4.358867555856704712e-02,5.070078969001770020e-01,8.005101233720779419e-02,5.497088432312011719e-01
-3.877065479755401611e-01,1.740870177745819092e-01,-3.231824561953544617e-02,-6.241599917411804199e-01,1.289630830287933350e-01,2.283104658126831055e-01
1.961313933134078979e-01,-3.033733228221535683e-03,5.924308300018310547e-01,-2.062523663043975830e-01,-4.514044821262359619e-01,-6.513797491788864136e-02
-3.476177752017974854e-01,5.491583943367004395e-01,2.376250773668289185e-01,-3.641971200704574585e-02,3.362357616424560547e-01,-2.161952704191207886e-01
-3.786791861057281494e-02,4.534335136413574219e-01,-3.665803372859954834e-01,1.228548809885978699e-01,-1.329284161329269409e-01,5.155770182609558105e-01
-1.937535703182220459e-01,1.176860108971595764e-01,-5.363518595695495605e-01,-3.135716617107391357e-01,4.143526554107666016e-01,1.758432686328887939e-01
7.205040454864501953e-01,-8.128757029771804810e-02,-1.952512115240097046e-01,1.509939599782228470e-02,-1.205266863107681274e-01,2.477672398090362549e-01
-2.031162232160568237e-01,1.032926067709922791e-01,5.725818276405334473e-01,-4.186509251594543457e-01,7.195609062910079956e-02,-2.824504375457763672e-01
4.401654899120330811e-01,-2.323797494173049927e-01,1.865725265815854073e-03,-2.594709694385528564e-01,6.528378278017044067e-02,-5.662714838981628418e-01
5.577720403671264648e-01,1.304352730512619019e-01,-5.181644558906555176e-01,-1.360446959733963013e-01,1.304364055395126343e-01,8.866120874881744385e-02
1.777615696191787720e-01,3.060209453105926514e-01,3.489074409008026123e-01,-3.705386221408843994e-01,-4.751122891902923584e-01,-1.731616705656051636e-01
4.099004268646240234e-01,3.367395102977752686e-01,-2.611394226551055908e-01,-4.454280436038970947e-01,9.311341494321823120e-02,2.886489331722259521e-01
-5.027055740356445312e-01,-1.230155453085899353e-01,-5.084640979766845703e-01,-1.182131767272949219e-01,-2.961719930171966553e-01,1.092076301574707031e-01
-2.857433259487152100e-01,5.314683318138122559e-01,3.534360229969024658e-01,2.918592095375061035e-02,-2.186458557844161987e-01,3.198707103729248047e-01
1.133158355951309204e-01,-1.689015030860900879e-01,-6.175423860549926758e-01,1.321991533041000366e-01,-7.095851004123687744e-02,4.413178861141204834e-01
2.204663120210170746e-02,-5.131573602557182312e-02,2.242704182863235474e-01,3.858708441257476807e-01,-5.915500521659851074e-01,2.962358593940734863e-01
-5.171074271202087402e-01,-2.110281586647033691e-02,4.058894217014312744e-01,-6.984138488769531250e-02,-4.450075626373291016e-01,-6.707332283258438110e-02
-1.455530673265457153e-01,-3.100608587265014648e-01,1.839364022016525269e-01,6.903863549232482910e-01,-9.518247097730636597e-02,5.613374710083007812e-02
2.102708816528320312e-01,-5.488369464874267578e-01,8.097812533378601074e-02,3.740454316139221191e-01,3.778090476989746094e-01,7.319205999374389648e-02
2.002434283494949341e-01,4.448991715908050537e-01,-3.462723195552825928e-01,9.643324464559555054e-02,-4.863109290599822998e-01,-1.904341131448745728e-01
-1.435634642839431763e-01,1.233071908354759216e-01,-2.103555202484130859e-01,-2.530308067798614502e-01,7.011215090751647949e-01,6.587424874305725098e-02
3.160507380962371826e-01,6.194892525672912598e-01,3.215655311942100525e-02,-3.460390269756317139e-01,-2.137553319334983826e-02,-1.873795241117477417e-01
7.514274120330810547e-02,1.654758155345916748e-01,-3.496201336383819580e-01,-4.081160724163055420e-01,4.756478369235992432e-01,3.032120168209075928e-01
2.329456806182861328e-01,1.501324176788330078e-01,2.311346381902694702e-01,-6.366786956787109375e-01,-2.333602458238601685e-01,-2.235096991062164307e-01
5.691084265708923340e-01,-3.145955801010131836e-01,1.615427136421203613e-01,3.231222331523895264e-01,-1.012357026338577271e-01,-2.763920128345489502e-01
-4.110050201416015625e-01,-4.015169143676757812e-01,4.458605945110321045e-01,2.922759950160980225e-02,3.231802880764007568e-01,-7.594495266675949097e-02
-1.765671558678150177e-02,-1.050844714045524597e-01,-2.448445111513137817e-01,5.587813258171081543e-01,-4.054380059242248535e-01,3.034470975399017334e-01
3.427445292472839355e-01,3.675265610218048096e-01,-3.773798048496246338e-01,-3.294602036476135254e-01,1.019917875528335571e-01,3.550895452499389648e-01
-4.691188037395477295e-01,-4.745817184448242188e-01,-1.152330040931701660e-01,5.274947034195065498e-04,3.096181154251098633e-01,-2.925020158290863037e-01
-3.803062736988067627e-01,-2.131239026784896851e-01,-2.554040551185607910e-01,-3.680288493633270264e-01,-2.974567115306854248e-01,-4.009842872619628906e-01
-1.515382975339889526e-01,2.625190913677215576e-01,-3.964827954769134521e-01,-3.347130119800567627e-01,5.346344038844108582e-02,5.253856182098388672e-01
-1.122680772095918655e-02,2.155540436506271362e-01,1.363396495580673218e-01,4.946919977664947510e-01,-1.998981088399887085e-01,5.386487841606140137e-01
-4.044105112552642822e-01,-1.112583875656127930e-01,-1.606110185384750366e-01,-3.761745691299438477e-01,-4.911832511425018311e-01,2.356046736240386963e-01
3.802887722849845886e-02,3.101908862590789795e-01,2.102335989475250244e-01,-4.482527375221252441e-01,-5.079940557479858398e-01,-1.978607624769210815e-01
-4.651700556278228760e-01,2.928180694580078125e-01,3.513193726539611816e-01,-3.355025947093963623e-01,-3.157176971435546875e-01,4.700454697012901306e-02
6.064220666885375977e-01,3.378199934959411621e-01,-4.983070120215415955e-02,-2.599524259567260742e-01,-1.434148401021957397e-01,-2.598148286342620850e-01
9.964450448751449585e-02,7.775606960058212280e-02,4.225768744945526123e-01,-2.056014537811279297e-01,-6.348878741264343262e-01,-9.964298456907272339e-03
2.473410815000534058e-01,-1.339723449200391769e-02,-1.011386439204216003e-01,-4.147733151912689209e-01,4.545210301876068115e-02,-6.279419660568237305e-01
-2.687993347644805908e-01,-3.786828219890594482e-01,-8.521661907434463501e-02,-1.259429473429918289e-02,4.901721179485321045e-01,-4.203059673309326172e-01
3.285171091556549072e-01,-3.049297630786895752e-01,5.221410989761352539e-01,3.847350776195526123e-01,-1.485508121550083160e-02,1.349863559007644653e-01
-2.135425060987472534e-01,6.169976592063903809e-01,-2.219752073287963867e-01,-3.429984152317047119e-01,1.654292792081832886e-01,-1.393765211105346680e-01
5.384925752878189087e-02,-3.529030382633209229e-01,2.964127063751220703e-02,-6.918235868215560913e-02,6.252574324607849121e-01,3.405116498470306396e-01
-2.456438094377517700e-01,-2.867460846900939941e-01,-1.582784503698348999e-01,5.465298295021057129e-01,2.116170972585678101e-01,3.590363562107086182e-01
3.097011744976043701e-01,9.541766345500946045e-02,-2.312456369400024414e-01,-2.697506248950958252e-01,6.358217597007751465e-01,6.686848402023315430e-02
2.100356072187423706e-01,-2.034700959920883179e-01,-4.304830729961395264e-01,4.363398253917694092e-01,-1.504177600145339966e-01,-3.951599597930908203e-01
-5.908511281013488770e-01,-6.251033395528793335e-02,8.080109022557735443e-03,-1.945054233074188232e-01,2.263733446598052979e-01,-4.447976648807525635e-01
5.716237425804138184e-02,-2.992914617061614990e-01,-5.102164745330810547e-01,-3.754888474941253662e-01,4.133838042616844177e-02,3.796518146991729736e-01
-3.826018571853637695e-01,1.899701803922653198e-01,-5.387670397758483887e-01,1.250675618648529053e-01,-1.426466852426528931e-01,3.623084127902984619e-01
-5.429608225822448730e-01,2.879143320024013519e-02,3.308959677815437317e-02,-1.234420463442802429e-01,3.621884286403656006e-01,-4.436793029308319092e-01
4.317223727703094482e-01,8.109571039676666260e-02,2.949236333370208740e-01,3.142656981945037842e-01,-4.450646042823791504e-01,2.514239251613616943e-01
2.181396037340164185e-01,-5.227119922637939453e-01,3.588621616363525391e-01,3.813564181327819824e-01,2.063217461109161377e-01,-4.902967438101768494e-02
-1.667382270097732544e-01,-3.686226308345794678e-01,4.792317375540733337e-02,-5.179140567779541016e-01,-1.910995393991470337e-01,4.114184081554412842e-01
3.577601313591003418e-01,-6.385846436023712158e-02,2.509450018405914307e-01,-1.244349032640457153e-01,6.383792757987976074e-01,-1.481361240148544312e-01
2.927689552307128906e-01,-5.344749093055725098e-01,3.238485455513000488e-01,3.680382668972015381e-01,-1.673641502857208252e-01,-1.679657213389873505e-02
3.025757670402526855e-01,-1.092165708541870117e-01,-1.045827195048332214e-02,1.961563527584075928e-01,7.007765769958496094e-01,-8.273547142744064331e-02
4.533952772617340088e-01,2.465618103742599487e-01,3.783599734306335449e-01,-4.334315955638885498e-01,1.981142014265060425e-01,-5.806546285748481750e-02
-2.313422411680221558e-01,-3.265781998634338379e-01,3.113167881965637207e-01,2.491652518510818481e-01,-2.821733988821506500e-02,-5.657117366790771484e-01
3.201889097690582275e-01,-3.573782742023468018e-01,-3.273264467716217041e-01,1.938855797052383423e-01,-2.339500933885574341e-01,4.585770666599273682e-01
-5.584014207124710083e-02,3.255835473537445068e-01,2.923985719680786133e-01,-4.264222085475921631e-01,-3.468325361609458923e-02,-5.121927857398986816e-01
1.866317391395568848e-01,-2.974292337894439697e-01,3.903110623359680176e-01,-3.975126147270202637e-01,-4.375663399696350098e-01,1.219883710145950317e-01
4.180233180522918701e-01,-2.333204746246337891e-01,2.821018099784851074e-01,-2.413399219512939453e-01,-4.108010232448577881e-01,3.228532671928405762e-01
2.204088270664215088e-01,-3.555082902312278748e-02,3.174199759960174561e-01,-4.177856147289276123e-01,5.565500855445861816e-01,7.146918028593063354e-02
-1.601352691650390625e-01,-4.374206066131591797e-01,5.665494799613952637e-01,-9.248708933591842651e-02,2.177401632070541382e-01,2.146554440259933472e-01
-6.468649953603744507e-02,-6.072824001312255859e-01,-1.926862746477127075e-01,-6.195600610226392746e-03,3.448317945003509521e-01,3.330892026424407959e-01
-1.971119493246078491e-01,5.985450148582458496e-01,-3.461343348026275635e-01,4.680391401052474976e-02,-3.360423743724822998e-01,8.925685286521911621e-02
3.368246555328369141e-02,-4.875357747077941895e-01,-1.464267671108245850e-01,-4.436523094773292542e-02,-5.532127022743225098e-01,2.678076624870300293e-01
-4.516266286373138428e-01,-4.023660123348236084e-01,-3.903791904449462891e-01,-1.805794537067413330e-01,2.725900113582611084e-01,1.217569485306739807e-01
-8.939512819051742554e-02,5.828579664230346680e-01,-1.856923848390579224e-01,1.382041424512863159e-01,-4.881550371646881104e-01,-2.019586972892284393e-02
1.417542845010757446e-01,2.286007814109325409e-02,-4.304296076297760010e-01,-3.907759785652160645e-01,-1.474752277135848999e-01,5.095672011375427246e-01
1.842148154973983765e-01,-6.223409250378608704e-02,3.151239454746246338e-01,-5.031535029411315918e-01,-4.962553977966308594e-01,5.878678709268569946e-02
1.676461547613143921e-01,2.940744161605834961e-02,-8.370491117238998413e-02,-2.595721185207366943e-01,5.247623324394226074e-01,-5.111460089683532715e-01
5.765125155448913574e-01,-1.758288475684821606e-03,-7.998809218406677246e-03,3.328200578689575195e-01,-3.844340741634368896e-01,2.213764041662216187e-01
2.768926918506622314e-01,1.729564368724822998e-01,-5.637041926383972168e-01,-2.533737719058990479e-01,3.750308752059936523e-01,-1.039601117372512817e-01
-2.685669064521789551e-01,9.442935883998870850e-02,5.001696944236755371e-01,3.649721741676330566e-01,-4.175941944122314453e-01,-3.457695990800857544e-02
-2.631070315837860107e-01,7.371693849563598633e-03,-5.549164414405822754e-01,2.840089499950408936e-01,4.092448353767395020e-01,1.210196539759635925e-01
-3.327518701553344727e-01,-2.268177568912506104e-01,-1.677864789962768555e-01,-6.135115027427673340e-01,-1.522605866193771362e-01,2.238257676362991333e-01
1.150452718138694763e-01,-1.708119213581085205e-01,3.777338564395904541e-01,5.375538468360900879e-01,9.416138380765914917e-02,-3.963262736797332764e-01
-4.569338262081146240e-01,-1.126602217555046082e-01,-4.320107102394104004e-01,-4.124121367931365967e-01,1.537295728921890259e-01,1.953697055578231812e-01
4.104449748992919922e-01,-2.981902658939361572e-01,-2.273329496383666992e-01,1.432049460709095001e-02,5.750253200531005859e-01,8.836699649691581726e-03
-1.513264179229736328e-01,-6.357108950614929199e-01,-2.510513004381209612e-04,1.692040562629699707e-01,-2.215730212628841400e-02,4.287784695625305176e-01
-4.056560099124908447e-01,1.620696187019348145e-01,2.820951044559478760e-01,4.951595366001129150e-01,3.397552073001861572e-01,9.477560967206954956e-02
2.331407507881522179e-03,1.553668230772018433e-01,-2.909524142742156982e-01,2.261665314435958862e-01,-6.862291693687438965e-01,-9.560701996088027954e-02
6.401222944259643555e-01,4.183651134371757507e-02,-3.649751842021942139e-01,-5.304203554987907410e-02,-2.577229440212249756e-01,1.614055931568145752e-01
1.727443188428878784e-01,-5.704703330993652344e-01,1.307744532823562622e-01,2.696874737739562988e-01,-1.819832772016525269e-01,-4.022086560726165771e-01
-6.342660784721374512e-01,-2.794916629791259766e-01,-2.654262781143188477e-01,-1.300725191831588745e-01,-2.337134927511215210e-01,1.326610445976257324e-01
3.278635144233703613e-01,1.975905597209930420e-01,4.833358824253082275e-01,4.632537364959716797e-01,-1.861180067062377930e-01,1.029850393533706665e-01
6.066436171531677246e-01,-2.929282784461975098e-01,2.349701374769210815e-01,3.573275506496429443e-01,-1.879599131643772125e-02,5.412297323346138000e-02
-4.184206426143646240e-01,-8.056973665952682495e-02,-1.238715052604675293e-01,2.063056677579879761e-01,4.863396584987640381e-01,-4.049693644046783447e-01
4.766733348369598389e-01,-3.737453818321228027e-01,1.587748825550079346e-01,-1.464363336563110352e-01,-2.298066467046737671e-01,-4.166927039623260498e-01
-7.000539451837539673e-02,-4.577345550060272217e-01,5.486630797386169434e-01,-2.347419559955596924e-01,1.171560063958168030e-01,-2.360463589429855347e-01
2.239023745059967041e-01,1.452821940183639526e-01,-1.025708913803100586e-01,7.352066040039062500e-01,-1.261520534753799438e-01,4.239041730761528015e-02
2.371001988649368286e-02,-4.334129393100738525e-01,5.901714563369750977e-01,-1.961268037557601929e-01,-2.178771346807479858e-01,-1.317291557788848877e-01
-1.512754410505294800e-01,-3.087927997112274170e-01,-5.163092613220214844e-01,1.391846239566802979e-01,-2.566191554069519043e-01,-4.122641980648040771e-01
-3.422790467739105225e-01,4.870333373546600342e-01,5.098898410797119141e-01,9.706310182809829712e-02,8.696258813142776489e-02,-9.312447160482406616e-02
2.636214792728424072e-01,3.434748575091362000e-02,6.779178380966186523e-01,1.074906736612319946e-01,6.737836450338363647e-02,3.060347735881805420e-01
-3.693189918994903564e-01,3.633274734020233154e-01,9.119581431150436401e-02,-1.091015115380287170e-01,-5.035313367843627930e-01,3.127827644348144531e-01
4.511378407478332520e-01,4.294089376926422119e-01,2.526609599590301514e-01,-1.022791489958763123e-01,-3.494121134281158447e-01,-2.359983921051025391e-01
2.354765981435775757e-01,-3.484186530113220215e-01,4.667783677577972412e-01,3.513997793197631836e-01,1.178977489471435547e-01,-3.284684419631958008e-01
-1.180904433131217957e-01,-3.080105781555175781e-01,-1.397419720888137817e-01,-1.563763469457626343e-01,6.871865987777709961e-01,-1.223819851875305176e-01
5.744398757815361023e-02,-1.170843392610549927e-01,5.037536025047302246e-01,-2.961051464080810547e-02,8.671978116035461426e-02,-6.006884574890136719e-01
6.253875494003295898e-01,1.939972043037414551e-01,5.425521731376647949e-02,-2.660137228667736053e-02,-1.054931282997131348e-01,4.432556331157684326e-01
-5.892271921038627625e-02,8.904856443405151367e-02,3.872751956805586815e-03,1.656461209058761597e-01,5.110089182853698730e-01,-5.831078290939331055e-01
-3.339353501796722412e-01,1.220816597342491150e-01,1.532474011182785034e-01,-6.597397327423095703e-01,1.463629305362701416e-01,-1.828109472990036011e-01
-3.068590760231018066e-01,4.296896159648895264e-01,-1.581348665058612823e-02,-2.810968458652496338e-01,4.889219403266906738e-01,-2.071091234683990479e-01
-7.756975293159484863e-02,-1.827653646469116211e-01,-1.391010135412216187e-01,-4.340546131134033203e-01,1.821651905775070190e-01,5.997025370597839355e-01
-2.733180224895477295e-01,1.595734059810638428e-01,-5.336914658546447754e-01,1.714505553245544434e-01,-2.499035447835922241e-01,4.039306640625000000e-01
-4.752106368541717529e-01,3.971125185489654541e-01,3.482819795608520508e-01,1.421262919902801514e-01,2.012034654617309570e-01,-2.729350328445434570e-01
2.952970266342163086e-01,2.118329256772994995e-01,-5.935231447219848633e-01,2.251055240631103516e-01,3.081716001033782959e-01,-1.000726595520973206e-01
4.788331687450408936e-01,-1.745610237121582031e-01,2.161774188280105591e-01,1.649358868598937988e-01,3.497562110424041748e-01,4.289303719997406006e-01
-3.632141351699829102e-01,-4.628235399723052979e-01,-2.938774526119232178e-01,3.305016160011291504e-01,5.483737587928771973e-02,-3.086543679237365723e-01
-4.263527393341064453e-01,4.570092856884002686e-01,2.578530013561248779e-01,-3.723630309104919434e-01,1.203184351325035095e-01,1.724731773138046265e-01
2.484164088964462280e-01,7.103949189186096191e-01,-4.753967002034187317e-02,1.879324913024902344e-01,9.051870554685592651e-02,1.669013947248458862e-01
-3.264129459857940674e-01,-8.026190847158432007e-02,-3.539558053016662598e-01,-2.836788892745971680e-01,-3.229744434356689453e-01,4.657700657844543457e-01
-7.886241376399993896e-02,-3.109881579875946045e-01,4.647771418094635010e-01,4.605842232704162598e-01,1.640717685222625732e-01,2.863423526287078857e-01
-2.168315500020980835e-01,-5.285394787788391113e-01,-1.444007009267807007e-01,3.529234826564788818e-01,-4.054140746593475342e-01,-6.215260177850723267e-02
-1.261398345232009888e-01,-4.672366678714752197e-01,6.212190985679626465e-01,6.768542528152465820e-02,1.144938990473747253e-01,-4.664029553532600403e-02
2.246553897857666016e-01,-4.910111129283905029e-01,2.973210513591766357e-01,-1.966410875320434570e-01,-3.098781779408454895e-02,-4.694788157939910889e-01
2.892225384712219238e-01,-1.317103356122970581e-01,1.343911737203598022e-01,3.935876786708831787e-01,9.655153751373291016e-02,-5.972505807876586914e-01
5.037531852722167969e-01,-4.051440358161926270e-01,1.710130870342254639e-01,-3.819983005523681641e-01,1.232875585556030273e-01,-1.781096458435058594e-01
-2.843908667564392090e-01,-2.525099515914916992e-01,2.256357520818710327e-01,2.995015820488333702e-03,-6.110030412673950195e-01,-2.666747272014617920e-01
-5.722872018814086914e-01,-3.921691775321960449e-01,-2.209919244050979614e-01,-1.555609554052352905e-01,-2.779767215251922607e-01,9.155888855457305908e-02
8.269665390253067017e-02,-6.886173486709594727e-01,-2.817825078964233398e-01,-7.325656712055206299e-02,2.589624822139739990e-01,-8.448638767004013062e-02
4.432747364044189453e-01,1.318513881415128708e-03,1.222418919205665588e-01,5.630051493644714355e-01,3.233977854251861572e-01,-8.367715030908584595e-02
1.090162545442581177e-01,9.215752780437469482e-02,4.468617960810661316e-02,5.327513217926025391e-01,-5.332234501838684082e-01,-2.224284261465072632e-01
2.614432871341705322e-01,-1.567294448614120483e-01,4.399421215057373047e-01,1.304814219474792480e-01,-1.867566108703613281e-01,5.492092967033386230e-01
1.008688360452651978e-01,3.473406732082366943e-01,-4.322512745857238770e-01,-4.163079708814620972e-02,-4.958028793334960938e-01,-2.734687924385070801e-01
-4.540454447269439697e-01,1.782391965389251709e-01,-8.706849068403244019e-02,1.091566607356071472e-01,-5.316051840782165527e-01,3.161855638027191162e-01
-1.100502163171768188e-01,-6.786242127418518066e-01,7.844647765159606934e-02,2.833310961723327637e-01,-2.773536443710327148e-01,6.326676905155181885e-02
-5.785426124930381775e-02,-2.875932753086090088e-01,5.296908020973205566e-01,2.387185394763946533e-01,1.736973971128463745e-01,-4.315243661403656006e-01
3.401007354259490967e-01,-1.238077208399772644e-01,-6.154964491724967957e-02,-4.282949864864349365e-01,5.527265071868896484e-01,1.275601983070373535e-01
-2.776043117046356201e-01,3.305423259735107422e-02,-1.574592664837837219e-02,-3.063378036022186279e-01,3.553879261016845703e-01,-5.843388438224792480e-01
-2.135695517063140869e-01,-1.156955957412719727e-01,-5.094026923179626465e-01,-2.387423813343048096e-01,-2.918291389942169189e-01,-4.234966337680816650e-01
1.424612849950790405e-01,9.088691323995590210e-02,-1.967511139810085297e-03,3.582885861396789551e-01,1.660856157541275024e-01,6.748964786529541016e-01
-4.237092137336730957e-01,2.558464109897613525e-01,4.127012789249420166e-01,8.224430680274963379e-02,-4.481717646121978760e-01,-1.306474357843399048e-01
-2.336003333330154419e-01,1.763489097356796265e-01,2.718124724924564362e-02,-1.180464848875999451e-01,-1.263234913349151611e-01,7.236716151237487793e-01
1.811766624450683594e-01,7.260137796401977539e-02,-2.635475993156433105e-01,-1.654075533151626587e-01,4.948611855506896973e-01,-5.100976228713989258e-01
4.037255346775054932e-01,-4.530164301395416260e-01,-3.719260096549987793e-01,4.193941131234169006e-02,1.874851882457733154e-01,3.107140362262725830e-01
-2.569906413555145264e-01,4.469208791851997375e-02,-5.307312682271003723e-02,1.019680276513099670e-01,6.633360981941223145e-01,-3.445712625980377197e-01
-5.598025321960449219e-01,-7.713233679533004761e-02,2.897864580154418945e-01,-5.765609815716743469e-02,2.830446064472198486e-01,3.914805650711059570e-01
-6.251031160354614258e-01,1.118314042687416077e-01,1.917106658220291138e-01,1.683435887098312378e-01,1.403048485517501831e-01,3.898227512836456299e-01
5.407384634017944336e-01,-3.153685033321380615e-01,-1.186381801962852478e-01,-1.930927187204360962e-01,1.233215853571891785e-01,-4.261180460453033447e-01
-1.911709308624267578e-01,4.736393094062805176e-01,-3.828780651092529297e-01,1.715347170829772949e-02,3.232097327709197998e-01,-3.574424088001251221e-01
-5.656290650367736816e-01,1.978996247053146362e-01,-2.643012702465057373e-01,-3.775686323642730713e-01,1.558564007282257080e-01,-2.102262526750564575e-01
-1.430002450942993164e-01,3.240180909633636475e-01,-7.088380455970764160e-01,5.560944601893424988e-02,9.456648677587509155e-02,8.751032873988151550e-03
-2.077221125364303589e-01,-1.563729941844940186e-01,-6.760631799697875977e-01,2.013231813907623291e-01,-9.221354126930236816e-02,2.574940919876098633e-01
6.662355363368988037e-02,-3.553993701934814453e-01,-2.804045751690864563e-02,-1.718065738677978516e-01,4.076757133007049561e-01,-5.592399835586547852e-01
-3.149999082088470459e-01,1.211098954081535339e-01,-7.099859118461608887e-01,-6.454619020223617554e-02,-8.552344888448715210e-02,-1.026986017823219299e-01
4.315508902072906494e-01,-3.171540200710296631e-01,3.101213872432708740e-01,-3.302254974842071533e-01,-1.441163867712020874e-01,-3.566279113292694092e-01
-3.082622587680816650e-01,3.392603099346160889e-01,-7.932454347610473633e-02,-6.391448378562927246e-01,-6.516353785991668701e-02,1.040776744484901428e-01
2.439073771238327026e-01,-1.669825315475463867e-01,5.015303567051887512e-02,4.224814474582672119e-01,4.300346076488494873e-01,-4.320767819881439209e-01
-4.552963376045227051e-01,-1.509197205305099487e-01,2.571388483047485352e-01,1.072300076484680176e-01,-5.542864203453063965e-01,-1.583554148674011230e-01
3.092696368694305420e-01,-6.073974370956420898e-01,-7.539706677198410034e-02,-3.243158161640167236e-01,2.539056241512298584e-01,9.334172122180461884e-03
2.551645599305629730e-02,-1.571686565876007080e-01,5.488485097885131836e-01,3.301459252834320068e-01,5.654592439532279968e-02,4.485739171504974365e-01
1.497716903686523438e-01,6.617825012654066086e-03,7.408499121665954590e-01,2.859578095376491547e-02,-2.367882579565048218e-01,-1.085335388779640198e-01
1.473277658224105835e-01,-4.778820574283599854e-01,-2.888732552528381348e-01,4.135672748088836670e-01,2.344580143690109253e-01,2.836672663688659668e-01
1.154527217149734497e-01,-2.818306386470794678e-01,-6.085485219955444336e-02,-6.889223456382751465e-01,-2.544619441032409668e-01,6.460594385862350464e-02
2.151142247021198273e-02,5.518279671669006348e-01,-4.393735155463218689e-02,5.488056540489196777e-01,1.098405122756958008e-01,1.408549547195434570e-01
-1.869426816701889038e-01,-5.286600589752197266e-01,-5.157978087663650513e-02,3.187290132045745850e-01,4.404314160346984863e-01,-1.653555929660797119e-01
-2.292453497648239136e-01,1.127510070800781250e-01,-8.999511599540710449e-02,-5.244851112365722656e-01,-5.361540317535400391e-01,6.394421309232711792e-02
9.661620110273361206e-02,-4.232020974159240723e-01,-1.948648989200592041e-01,1.481958478689193726e-01,3.864756822586059570e-01,-4.922068715095520020e-01
-2.609856426715850830e-01,-2.493882924318313599e-02,7.091090679168701172e-01,-8.010932058095932007e-02,-2.489292621612548828e-01,-6.751675158739089966e-03
-2.300130128860473633e-01,7.246510386466979980e-01,-1.155581101775169373e-01,5.202035978436470032e-02,2.114364951848983765e-01,-3.478051349520683289e-02
-1.744535863399505615e-01,-6.600838899612426758e-01,-1.962335407733917236e-01,1.125731095671653748e-01,3.386387228965759277e-01,-8.943632990121841431e-02
6.250845789909362793e-01,1.448678970336914062e-01,4.030578732490539551e-01,-3.394563868641853333e-02,-9.988136589527130127e-02,-2.338767349720001221e-01
-4.854553937911987305e-02,1.376480609178543091e-01,9.530626982450485229e-02,4.794459342956542969e-01,-4.734740257263183594e-01,3.944199383258819580e-01
1.786986887454986572e-01,-3.820928335189819336e-01,1.244679316878318787e-01,-5.030659437179565430e-01,2.657459080219268799e-01,-3.505472242832183838e-01
6.509106606245040894e-02,-5.358614325523376465e-01,4.488654136657714844e-01,-2.675398290157318115e-01,-7.757582515478134155e-02,2.637043595314025879e-01
-1.923060864210128784e-01,-1.872115135192871094e-01,-4.060001969337463379e-01,2.524535059928894043e-01,2.673095762729644775e-01,-5.176358819007873535e-01
4.758382737636566162e-01,6.073715910315513611e-02,-2.502152882516384125e-02,-5.533047914505004883e-01,1.147893294692039490e-01,2.999001443386077881e-01
3.859276771545410156e-01,-8.823684416711330414e-03,-1.430924832820892334e-01,4.140335619449615479e-01,4.918435215950012207e-01,2.391083240509033203e-01
1.121067404747009277e-01,5.021571516990661621e-01,1.192858815193176270e-01,4.144851863384246826e-01,-3.322992026805877686e-01,-2.807498872280120850e-01
2.717113494873046875e-01,4.801821708679199219e-01,-4.917390346527099609e-01,2.548072636127471924e-01,-1.021334901452064514e-01,-1.357673257589340210e-01
-3.496758639812469482e-01,-1.555028855800628662e-01,-6.002950072288513184e-01,1.565679721534252167e-02,3.460349738597869873e-01,1.149188205599784851e-01
-3.556340932846069336e-01,-2.806898057460784912e-01,-4.625439643859863281e-01,4.492331147193908691e-01,8.927900344133377075e-02,1.049264892935752869e-01
-9.735935181379318237e-02,5.467729568481445312e-01,1.509442954557016492e-04,7.140238583087921143e-02,-5.033624768257141113e-01,-2.703485786914825439e-01
-3.429811000823974609e-01,1.923649013042449951e-01,4.084111750125885010e-01,4.824585020542144775e-01,-2.922624051570892334e-01,-1.940444111824035645e-02
-3.601547479629516602e-01,2.956793308258056641e-01,2.898529171943664551e-02,3.303831219673156738e-01,-5.333902239799499512e-01,-1.684163212776184082e-01
-3.277531592175364494e-03,-4.452880918979644775e-01,-1.444799751043319702e-01,-4.509274959564208984e-01,2.054124176502227783e-01,-4.186925888061523438e-01
3.564020097255706787e-01,5.957191586494445801e-01,-3.325773403048515320e-02,-9.172734618186950684e-02,3.837273642420768738e-02,-3.835411667823791504e-01
-6.043974757194519043e-01,-1.310748308897018433e-01,-1.940626949071884155e-01,2.435756847262382507e-02,-7.886904478073120117e-02,-4.615724980831146240e-01
4.436977803707122803e-01,-1.227245256304740906e-01,2.192119807004928589e-01,2.373831719160079956e-01,1.887707561254501343e-01,-5.366861224174499512e-01
-1.855987161397933960e-01,1.225294694304466248e-01,2.157450765371322632e-01,3.438092172145843506e-01,-4.051313996315002441e-01,-5.115247368812561035e-01
2.552081644535064697e-01,-1.335780043154954910e-02,-2.856403291225433350e-01,2.996552502736449242e-03,1.122311130166053772e-01,6.931775808334350586e-01
-1.492542624473571777e-01,-1.838054209947586060e-01,-1.127194911241531372e-01,-2.868543565273284912e-01,6.417011618614196777e-01,2.777900397777557373e-01
1.663463711738586426e-01,-1.439780592918395996e-01,5.134165287017822266e-01,-3.905348852276802063e-02,4.375535622239112854e-02,-5.697042346000671387e-01
4.686575829982757568e-01,-3.716966807842254639e-01,3.521624803543090820e-01,1.575936079025268555e-01,3.155572414398193359e-01,-1.837692111730575562e-01
-2.316948175430297852e-01,2.730047404766082764e-01,1.311256438493728638e-01,3.442436829209327698e-02,2.690208852291107178e-01,-6.488718390464782715e-01
